{
  "v": "5.5.7",
  "meta": {
    "g": "LottieFiles AE 0.1.20",
    "a": "",
    "k": "",
    "d": "",
    "tc": ""
  },
  "fr": 30,
  "ip": 0,
  "op": 150,
  "w": 1080,
  "h": 1080,
  "nm": "App_Anim 5",
  "ddd": 0,
  "assets": [],
  "layers": [
    {
      "ddd": 0,
      "ind": 1,
      "ty": 4,
      "nm": "eyes",
      "parent": 3,
      "sr": 1,
      "ks": {
        "o": {
          "a": 0,
          "k": 100,
          "ix": 11
        },
        "r": {
          "a": 0,
          "k": 0,
          "ix": 10
        },
        "p": {
          "a": 1,
          "k": [
            {
              "i": {
                "x": 0.23,
                "y": 1
              },
              "o": {
                "x": 0.77,
                "y": 0
              },
              "t": 49,
              "s": [
                0,
                188.341,
                0
              ],
              "to": [
                0,
                -6,
                0
              ],
              "ti": [
                0,
                6,
                0
              ]
            },
            {
              "i": {
                "x": 0.23,
                "y": 0.23
              },
              "o": {
                "x": 0.77,
                "y": 0.77
              },
              "t": 63,
              "s": [
                0,
                152.341,
                0
              ],
              "to": [
                0,
                0,
                0
              ],
              "ti": [
                0,
                0,
                0
              ]
            },
            {
              "i": {
                "x": 0.23,
                "y": 1
              },
              "o": {
                "x": 0.77,
                "y": 0
              },
              "t": 99,
              "s": [
                0,
                152.341,
                0
              ],
              "to": [
                0,
                6,
                0
              ],
              "ti": [
                0,
                -6,
                0
              ]
            },
            {
              "t": 112,
              "s": [
                0,
                188.341,
                0
              ]
            }
          ],
          "ix": 2
        },
        "a": {
          "a": 0,
          "k": [
            543.564,
            540.828,
            0
          ],
          "ix": 1
        },
        "s": {
          "a": 0,
          "k": [
            100,
            100,
            100
          ],
          "ix": 6
        }
      },
      "ao": 0,
      "shapes": [
        {
          "ty": "gr",
          "it": [
            {
              "ind": 0,
              "ty": "sh",
              "ix": 1,
              "ks": {
                "a": 0,
                "k": {
                  "i": [
                    [
                      0,
                      0
                    ],
                    [
                      0,
                      0
                    ]
                  ],
                  "o": [
                    [
                      0,
                      0
                    ],
                    [
                      0,
                      0
                    ]
                  ],
                  "v": [
                    [
                      0,
                      -8.583
                    ],
                    [
                      0,
                      8.583
                    ]
                  ],
                  "c": false
                },
                "ix": 2
              },
              "nm": "Path 1",
              "mn": "ADBE Vector Shape - Group",
              "hd": false
            },
            {
              "ty": "st",
              "c": {
                "a": 0,
                "k": [
                  0.988235294118,
                  0.658823529412,
                  0.007843137255,
                  1
                ],
                "ix": 3
              },
              "o": {
                "a": 0,
                "k": 100,
                "ix": 4
              },
              "w": {
                "a": 0,
                "k": 16,
                "ix": 5
              },
              "lc": 2,
              "lj": 2,
              "bm": 0,
              "nm": "Stroke 1",
              "mn": "ADBE Vector Graphic - Stroke",
              "hd": false
            },
            {
              "ty": "tr",
              "p": {
                "a": 0,
                "k": [
                  577.708,
                  528.32
                ],
                "ix": 2
              },
              "a": {
                "a": 0,
                "k": [
                  0,
                  0
                ],
                "ix": 1
              },
              "s": {
                "a": 0,
                "k": [
                  100,
                  100
                ],
                "ix": 3
              },
              "r": {
                "a": 0,
                "k": 0,
                "ix": 6
              },
              "o": {
                "a": 0,
                "k": 100,
                "ix": 7
              },
              "sk": {
                "a": 0,
                "k": 0,
                "ix": 4
              },
              "sa": {
                "a": 0,
                "k": 0,
                "ix": 5
              },
              "nm": "Transform"
            }
          ],
          "nm": "eye left",
          "np": 2,
          "cix": 2,
          "bm": 0,
          "ix": 1,
          "mn": "ADBE Vector Group",
          "hd": false
        },
        {
          "ty": "gr",
          "it": [
            {
              "ind": 0,
              "ty": "sh",
              "ix": 1,
              "ks": {
                "a": 0,
                "k": {
                  "i": [
                    [
                      0,
                      0
                    ],
                    [
                      0,
                      0
                    ]
                  ],
                  "o": [
                    [
                      0,
                      0
                    ],
                    [
                      0,
                      0
                    ]
                  ],
                  "v": [
                    [
                      0,
                      -8.583
                    ],
                    [
                      0,
                      8.583
                    ]
                  ],
                  "c": false
                },
                "ix": 2
              },
              "nm": "Path 1",
              "mn": "ADBE Vector Shape - Group",
              "hd": false
            },
            {
              "ty": "st",
              "c": {
                "a": 0,
                "k": [
                  0.988235294118,
                  0.658823529412,
                  0.007843137255,
                  1
                ],
                "ix": 3
              },
              "o": {
                "a": 0,
                "k": 100,
                "ix": 4
              },
              "w": {
                "a": 0,
                "k": 16,
                "ix": 5
              },
              "lc": 2,
              "lj": 2,
              "bm": 0,
              "nm": "Stroke 1",
              "mn": "ADBE Vector Graphic - Stroke",
              "hd": false
            },
            {
              "ty": "tr",
              "p": {
                "a": 0,
                "k": [
                  505.615,
                  528.32
                ],
                "ix": 2
              },
              "a": {
                "a": 0,
                "k": [
                  0,
                  0
                ],
                "ix": 1
              },
              "s": {
                "a": 0,
                "k": [
                  100,
                  100
                ],
                "ix": 3
              },
              "r": {
                "a": 0,
                "k": 0,
                "ix": 6
              },
              "o": {
                "a": 0,
                "k": 100,
                "ix": 7
              },
              "sk": {
                "a": 0,
                "k": 0,
                "ix": 4
              },
              "sa": {
                "a": 0,
                "k": 0,
                "ix": 5
              },
              "nm": "Transform"
            }
          ],
          "nm": "eye right",
          "np": 2,
          "cix": 2,
          "bm": 0,
          "ix": 2,
          "mn": "ADBE Vector Group",
          "hd": false
        },
        {
          "ty": "tm",
          "s": {
            "a": 0,
            "k": 100,
            "ix": 1
          },
          "e": {
            "a": 1,
            "k": [
              {
                "i": {
                  "x": [
                    0.23
                  ],
                  "y": [
                    1
                  ]
                },
                "o": {
                  "x": [
                    0.77
                  ],
                  "y": [
                    0
                  ]
                },
                "t": 52,
                "s": [
                  100
                ]
              },
              {
                "i": {
                  "x": [
                    0.23
                  ],
                  "y": [
                    1
                  ]
                },
                "o": {
                  "x": [
                    0.77
                  ],
                  "y": [
                    0
                  ]
                },
                "t": 58,
                "s": [
                  0
                ]
              },
              {
                "i": {
                  "x": [
                    0.23
                  ],
                  "y": [
                    1
                  ]
                },
                "o": {
                  "x": [
                    0.77
                  ],
                  "y": [
                    0
                  ]
                },
                "t": 101,
                "s": [
                  0
                ]
              },
              {
                "t": 106,
                "s": [
                  100
                ]
              }
            ],
            "ix": 2
          },
          "o": {
            "a": 0,
            "k": 0,
            "ix": 3
          },
          "m": 1,
          "ix": 3,
          "nm": "Trim Paths 1",
          "mn": "ADBE Vector Filter - Trim",
          "hd": false
        }
      ],
      "ip": 0,
      "op": 241,
      "st": 0,
      "bm": 0
    },
    {
      "ddd": 0,
      "ind": 2,
      "ty": 4,
      "nm": "mouth",
      "parent": 3,
      "sr": 1,
      "ks": {
        "o": {
          "a": 0,
          "k": 100,
          "ix": 11
        },
        "r": {
          "a": 0,
          "k": 0,
          "ix": 10
        },
        "p": {
          "s": true,
          "x": {
            "a": 0,
            "k": 0,
            "ix": 3
          },
          "y": {
            "a": 0,
            "k": 0,
            "ix": 4
          }
        },
        "a": {
          "a": 0,
          "k": [
            543.564,
            540.828,
            0
          ],
          "ix": 1
        },
        "s": {
          "a": 0,
          "k": [
            100.008,
            100.008,
            100
          ],
          "ix": 6
        }
      },
      "ao": 0,
      "shapes": [
        {
          "ty": "gr",
          "it": [
            {
              "ind": 0,
              "ty": "sh",
              "ix": 1,
              "ks": {
                "a": 0,
                "k": {
                  "i": [
                    [
                      0,
                      -51.192
                    ],
                    [
                      51.192,
                      0
                    ],
                    [
                      0,
                      51.192
                    ]
                  ],
                  "o": [
                    [
                      0,
                      51.192
                    ],
                    [
                      -51.192,
                      0
                    ],
                    [
                      0,
                      -51.192
                    ]
                  ],
                  "v": [
                    [
                      92.691,
                      -46.346
                    ],
                    [
                      0,
                      46.346
                    ],
                    [
                      -92.691,
                      -46.346
                    ]
                  ],
                  "c": false
                },
                "ix": 2
              },
              "nm": "Path 1",
              "mn": "ADBE Vector Shape - Group",
              "hd": false
            },
            {
              "ty": "tm",
              "s": {
                "a": 0,
                "k": 0,
                "ix": 1
              },
              "e": {
                "a": 1,
                "k": [
                  {
                    "i": {
                      "x": [
                        0.23
                      ],
                      "y": [
                        1
                      ]
                    },
                    "o": {
                      "x": [
                        0.77
                      ],
                      "y": [
                        0
                      ]
                    },
                    "t": 47,
                    "s": [
                      0
                    ]
                  },
                  {
                    "i": {
                      "x": [
                        0.23
                      ],
                      "y": [
                        1
                      ]
                    },
                    "o": {
                      "x": [
                        0.77
                      ],
                      "y": [
                        0
                      ]
                    },
                    "t": 63,
                    "s": [
                      100
                    ]
                  },
                  {
                    "i": {
                      "x": [
                        0.23
                      ],
                      "y": [
                        1
                      ]
                    },
                    "o": {
                      "x": [
                        0.77
                      ],
                      "y": [
                        0
                      ]
                    },
                    "t": 99,
                    "s": [
                      100
                    ]
                  },
                  {
                    "t": 115,
                    "s": [
                      0
                    ]
                  }
                ],
                "ix": 2
              },
              "o": {
                "a": 1,
                "k": [
                  {
                    "i": {
                      "x": [
                        0.23
                      ],
                      "y": [
                        1
                      ]
                    },
                    "o": {
                      "x": [
                        0.77
                      ],
                      "y": [
                        0
                      ]
                    },
                    "t": 47,
                    "s": [
                      70
                    ]
                  },
                  {
                    "i": {
                      "x": [
                        0.23
                      ],
                      "y": [
                        1
                      ]
                    },
                    "o": {
                      "x": [
                        0.77
                      ],
                      "y": [
                        0
                      ]
                    },
                    "t": 63,
                    "s": [
                      0
                    ]
                  },
                  {
                    "i": {
                      "x": [
                        0.23
                      ],
                      "y": [
                        1
                      ]
                    },
                    "o": {
                      "x": [
                        0.77
                      ],
                      "y": [
                        0
                      ]
                    },
                    "t": 99,
                    "s": [
                      0
                    ]
                  },
                  {
                    "t": 115,
                    "s": [
                      70
                    ]
                  }
                ],
                "ix": 3
              },
              "m": 1,
              "ix": 2,
              "nm": "Trim Paths 1",
              "mn": "ADBE Vector Filter - Trim",
              "hd": false
            },
            {
              "ty": "st",
              "c": {
                "a": 1,
                "k": [
                  {
                    "i": {
                      "x": [
                        0.667
                      ],
                      "y": [
                        1
                      ]
                    },
                    "o": {
                      "x": [
                        0.333
                      ],
                      "y": [
                        0
                      ]
                    },
                    "t": 47,
                    "s": [
                      0.913725495338,
                      0.745098054409,
                      0.568627476692,
                      1
                    ]
                  },
                  {
                    "i": {
                      "x": [
                        0.667
                      ],
                      "y": [
                        1
                      ]
                    },
                    "o": {
                      "x": [
                        0.333
                      ],
                      "y": [
                        0
                      ]
                    },
                    "t": 51,
                    "s": [
                      0.988235294819,
                      0.658823549747,
                      0.007843137719,
                      1
                    ]
                  },
                  {
                    "i": {
                      "x": [
                        0.667
                      ],
                      "y": [
                        1
                      ]
                    },
                    "o": {
                      "x": [
                        0.333
                      ],
                      "y": [
                        0
                      ]
                    },
                    "t": 111,
                    "s": [
                      0.988235294819,
                      0.658823549747,
                      0.007843137719,
                      1
                    ]
                  },
                  {
                    "t": 115,
                    "s": [
                      0.913725495338,
                      0.745098054409,
                      0.568627476692,
                      1
                    ]
                  }
                ],
                "ix": 3
              },
              "o": {
                "a": 0,
                "k": 100,
                "ix": 4
              },
              "w": {
                "a": 0,
                "k": 16,
                "ix": 5
              },
              "lc": 2,
              "lj": 2,
              "bm": 0,
              "nm": "Stroke 1",
              "mn": "ADBE Vector Graphic - Stroke",
              "hd": false
            },
            {
              "ty": "tr",
              "p": {
                "a": 0,
                "k": [
                  541.661,
                  592.523
                ],
                "ix": 2
              },
              "a": {
                "a": 0,
                "k": [
                  0,
                  0
                ],
                "ix": 1
              },
              "s": {
                "a": 0,
                "k": [
                  100,
                  100
                ],
                "ix": 3
              },
              "r": {
                "a": 0,
                "k": 0,
                "ix": 6
              },
              "o": {
                "a": 0,
                "k": 100,
                "ix": 7
              },
              "sk": {
                "a": 0,
                "k": 0,
                "ix": 4
              },
              "sa": {
                "a": 0,
                "k": 0,
                "ix": 5
              },
              "nm": "Transform"
            }
          ],
          "nm": "mouth",
          "np": 3,
          "cix": 2,
          "bm": 0,
          "ix": 1,
          "mn": "ADBE Vector Group",
          "hd": false
        }
      ],
      "ip": 0,
      "op": 241,
      "st": 0,
      "bm": 0
    },
    {
      "ddd": 0,
      "ind": 3,
      "ty": 3,
      "nm": "smile_CNTRL",
      "parent": 4,
      "sr": 1,
      "ks": {
        "o": {
          "a": 0,
          "k": 0,
          "ix": 11
        },
        "r": {
          "a": 0,
          "k": 0,
          "ix": 10
        },
        "p": {
          "s": true,
          "x": {
            "a": 0,
            "k": 543.564,
            "ix": 3
          },
          "y": {
            "a": 1,
            "k": [
              {
                "i": {
                  "x": [
                    0.23
                  ],
                  "y": [
                    1
                  ]
                },
                "o": {
                  "x": [
                    0.77
                  ],
                  "y": [
                    0
                  ]
                },
                "t": 47,
                "s": [
                  427.828
                ]
              },
              {
                "i": {
                  "x": [
                    0.23
                  ],
                  "y": [
                    1
                  ]
                },
                "o": {
                  "x": [
                    0.77
                  ],
                  "y": [
                    0
                  ]
                },
                "t": 63,
                "s": [
                  520.83
                ]
              },
              {
                "i": {
                  "x": [
                    0.23
                  ],
                  "y": [
                    1
                  ]
                },
                "o": {
                  "x": [
                    0.77
                  ],
                  "y": [
                    0
                  ]
                },
                "t": 99,
                "s": [
                  520.83
                ]
              },
              {
                "t": 115,
                "s": [
                  427.828
                ]
              }
            ],
            "ix": 4
          }
        },
        "a": {
          "a": 0,
          "k": [
            0,
            0,
            0
          ],
          "ix": 1
        },
        "s": {
          "a": 0,
          "k": [
            99.992,
            99.992,
            100
          ],
          "ix": 6
        }
      },
      "ao": 0,
      "ip": 0,
      "op": 240,
      "st": 0,
      "bm": 0
    },
    {
      "ddd": 0,
      "ind": 4,
      "ty": 4,
      "nm": "sad bag",
      "sr": 1,
      "ks": {
        "o": {
          "a": 0,
          "k": 100,
          "ix": 11
        },
        "r": {
          "a": 1,
          "k": [
            {
              "i": {
                "x": [
                  0.667
                ],
                "y": [
                  1
                ]
              },
              "o": {
                "x": [
                  0.333
                ],
                "y": [
                  0
                ]
              },
              "t": 0,
              "s": [
                0
              ]
            },
            {
              "i": {
                "x": [
                  0.29
                ],
                "y": [
                  1
                ]
              },
              "o": {
                "x": [
                  0.167
                ],
                "y": [
                  0
                ]
              },
              "t": 18,
              "s": [
                180
              ]
            },
            {
              "i": {
                "x": [
                  0.29
                ],
                "y": [
                  1
                ]
              },
              "o": {
                "x": [
                  0.71
                ],
                "y": [
                  0
                ]
              },
              "t": 106,
              "s": [
                180
              ]
            },
            {
              "t": 121,
              "s": [
                0
              ]
            }
          ],
          "ix": 10
        },
        "p": {
          "a": 1,
          "k": [
            {
              "i": {
                "x": 0.667,
                "y": 1
              },
              "o": {
                "x": 0.333,
                "y": 0
              },
              "t": 0,
              "s": [
                540,
                515,
                0
              ],
              "to": [
                0,
                0,
                0
              ],
              "ti": [
                0,
                0,
                0
              ]
            },
            {
              "i": {
                "x": 0.667,
                "y": 1
              },
              "o": {
                "x": 0.333,
                "y": 0
              },
              "t": 6,
              "s": [
                540,
                532,
                0
              ],
              "to": [
                0,
                0,
                0
              ],
              "ti": [
                22.809,
                -17.684,
                0
              ]
            },
            {
              "i": {
                "x": 0,
                "y": 1
              },
              "o": {
                "x": 0.333,
                "y": 0
              },
              "t": 11,
              "s": [
                483.25,
                517.324,
                0
              ],
              "to": [
                -59.851,
                46.403,
                0
              ],
              "ti": [
                0,
                0,
                0
              ]
            },
            {
              "i": {
                "x": 0.667,
                "y": 1
              },
              "o": {
                "x": 1,
                "y": 0
              },
              "t": 18,
              "s": [
                540,
                600,
                0
              ],
              "to": [
                0,
                0,
                0
              ],
              "ti": [
                0,
                0,
                0
              ]
            },
            {
              "i": {
                "x": 0.667,
                "y": 1
              },
              "o": {
                "x": 0.333,
                "y": 0
              },
              "t": 23,
              "s": [
                540,
                572,
                0
              ],
              "to": [
                0,
                0,
                0
              ],
              "ti": [
                0,
                0,
                0
              ]
            },
            {
              "i": {
                "x": 0.667,
                "y": 1
              },
              "o": {
                "x": 0.333,
                "y": 0
              },
              "t": 27,
              "s": [
                540,
                600,
                0
              ],
              "to": [
                0,
                0,
                0
              ],
              "ti": [
                0,
                0,
                0
              ]
            },
            {
              "i": {
                "x": 0.667,
                "y": 1
              },
              "o": {
                "x": 0.333,
                "y": 0
              },
              "t": 32,
              "s": [
                540,
                572,
                0
              ],
              "to": [
                0,
                0,
                0
              ],
              "ti": [
                0,
                0,
                0
              ]
            },
            {
              "i": {
                "x": 0.667,
                "y": 1
              },
              "o": {
                "x": 0.333,
                "y": 0
              },
              "t": 36,
              "s": [
                540,
                600,
                0
              ],
              "to": [
                0,
                0,
                0
              ],
              "ti": [
                0,
                0,
                0
              ]
            },
            {
              "i": {
                "x": 0.667,
                "y": 1
              },
              "o": {
                "x": 0.333,
                "y": 0
              },
              "t": 41,
              "s": [
                540,
                572,
                0
              ],
              "to": [
                0,
                0,
                0
              ],
              "ti": [
                0,
                0,
                0
              ]
            },
            {
              "i": {
                "x": 0.667,
                "y": 1
              },
              "o": {
                "x": 0.333,
                "y": 0
              },
              "t": 45,
              "s": [
                540,
                600,
                0
              ],
              "to": [
                0,
                0,
                0
              ],
              "ti": [
                0,
                0,
                0
              ]
            },
            {
              "i": {
                "x": 0.29,
                "y": 1
              },
              "o": {
                "x": 0.333,
                "y": 0
              },
              "t": 50,
              "s": [
                540,
                561,
                0
              ],
              "to": [
                0,
                0,
                0
              ],
              "ti": [
                0,
                0,
                0
              ]
            },
            {
              "i": {
                "x": 0.833,
                "y": 1
              },
              "o": {
                "x": 0.71,
                "y": 0
              },
              "t": 106,
              "s": [
                540,
                600,
                0
              ],
              "to": [
                0,
                0,
                0
              ],
              "ti": [
                0,
                0,
                0
              ]
            },
            {
              "t": 121,
              "s": [
                540,
                515,
                0
              ]
            }
          ],
          "ix": 2
        },
        "a": {
          "a": 0,
          "k": [
            543.564,
            540.828,
            0
          ],
          "ix": 1
        },
        "s": {
          "a": 0,
          "k": [
            100.008,
            100.008,
            100
          ],
          "ix": 6
        }
      },
      "ao": 0,
      "shapes": [
        {
          "ty": "gr",
          "it": [
            {
              "ind": 0,
              "ty": "sh",
              "ix": 1,
              "ks": {
                "a": 0,
                "k": {
                  "i": [
                    [
                      0,
                      0
                    ],
                    [
                      0,
                      0
                    ],
                    [
                      0,
                      0
                    ],
                    [
                      -11.046,
                      0
                    ],
                    [
                      0,
                      0
                    ],
                    [
                      0,
                      11.046
                    ]
                  ],
                  "o": [
                    [
                      0,
                      0
                    ],
                    [
                      0,
                      0
                    ],
                    [
                      0,
                      11.046
                    ],
                    [
                      0,
                      0
                    ],
                    [
                      11.046,
                      0
                    ],
                    [
                      0,
                      0
                    ]
                  ],
                  "v": [
                    [
                      168.218,
                      -168.218
                    ],
                    [
                      -168.218,
                      -168.218
                    ],
                    [
                      -168.218,
                      148.218
                    ],
                    [
                      -148.218,
                      168.218
                    ],
                    [
                      148.218,
                      168.218
                    ],
                    [
                      168.218,
                      148.218
                    ]
                  ],
                  "c": true
                },
                "ix": 2
              },
              "nm": "Path 1",
              "mn": "ADBE Vector Shape - Group",
              "hd": false
            },
            {
              "ty": "st",
              "c": {
                "a": 0,
                "k": [
                  0.960784316063,
                  0.866666674614,
                  0.65098041296,
                  1
                ],
                "ix": 3
              },
              "o": {
                "a": 0,
                "k": 100,
                "ix": 4
              },
              "w": {
                "a": 0,
                "k": 16,
                "ix": 5
              },
              "lc": 2,
              "lj": 2,
              "bm": 0,
              "nm": "Stroke 1",
              "mn": "ADBE Vector Graphic - Stroke",
              "hd": false
            },
            {
              "ty": "fl",
              "c": {
                "a": 0,
                "k": [
                  0.988235294819,
                  0.913725495338,
                  0.737254917622,
                  1
                ],
                "ix": 4
              },
              "o": {
                "a": 0,
                "k": 100,
                "ix": 5
              },
              "r": 1,
              "bm": 0,
              "nm": "Fill 1",
              "mn": "ADBE Vector Graphic - Fill",
              "hd": false
            },
            {
              "ty": "tr",
              "p": {
                "a": 0,
                "k": [
                  541.661,
                  586.864
                ],
                "ix": 2
              },
              "a": {
                "a": 0,
                "k": [
                  0,
                  0
                ],
                "ix": 1
              },
              "s": {
                "a": 0,
                "k": [
                  100,
                  100
                ],
                "ix": 3
              },
              "r": {
                "a": 0,
                "k": 0,
                "ix": 6
              },
              "o": {
                "a": 0,
                "k": 100,
                "ix": 7
              },
              "sk": {
                "a": 0,
                "k": 0,
                "ix": 4
              },
              "sa": {
                "a": 0,
                "k": 0,
                "ix": 5
              },
              "nm": "Transform"
            }
          ],
          "nm": "front-bag",
          "np": 3,
          "cix": 2,
          "bm": 0,
          "ix": 1,
          "mn": "ADBE Vector Group",
          "hd": false
        },
        {
          "ty": "gr",
          "it": [
            {
              "ind": 0,
              "ty": "sh",
              "ix": 1,
              "ks": {
                "a": 0,
                "k": {
                  "i": [
                    [
                      0,
                      29.098
                    ],
                    [
                      0,
                      0
                    ],
                    [
                      0,
                      0
                    ],
                    [
                      0,
                      0
                    ]
                  ],
                  "o": [
                    [
                      0,
                      0
                    ],
                    [
                      0,
                      0
                    ],
                    [
                      0,
                      0
                    ],
                    [
                      0,
                      29.098
                    ]
                  ],
                  "v": [
                    [
                      168.218,
                      16.587
                    ],
                    [
                      115.53,
                      -16.587
                    ],
                    [
                      -115.53,
                      -16.587
                    ],
                    [
                      -168.218,
                      16.587
                    ]
                  ],
                  "c": false
                },
                "ix": 2
              },
              "nm": "Path 1",
              "mn": "ADBE Vector Shape - Group",
              "hd": false
            },
            {
              "ty": "st",
              "c": {
                "a": 0,
                "k": [
                  0.960784316063,
                  0.866666674614,
                  0.65098041296,
                  1
                ],
                "ix": 3
              },
              "o": {
                "a": 0,
                "k": 100,
                "ix": 4
              },
              "w": {
                "a": 0,
                "k": 16,
                "ix": 5
              },
              "lc": 2,
              "lj": 2,
              "bm": 0,
              "nm": "Stroke 1",
              "mn": "ADBE Vector Graphic - Stroke",
              "hd": false
            },
            {
              "ty": "fl",
              "c": {
                "a": 0,
                "k": [
                  0.913725495338,
                  0.745098054409,
                  0.568627476692,
                  1
                ],
                "ix": 4
              },
              "o": {
                "a": 0,
                "k": 100,
                "ix": 5
              },
              "r": 1,
              "bm": 0,
              "nm": "Fill 1",
              "mn": "ADBE Vector Graphic - Fill",
              "hd": false
            },
            {
              "ty": "tr",
              "p": {
                "a": 0,
                "k": [
                  541.661,
                  402.06
                ],
                "ix": 2
              },
              "a": {
                "a": 0,
                "k": [
                  0,
                  0
                ],
                "ix": 1
              },
              "s": {
                "a": 0,
                "k": [
                  100,
                  100
                ],
                "ix": 3
              },
              "r": {
                "a": 0,
                "k": 0,
                "ix": 6
              },
              "o": {
                "a": 0,
                "k": 100,
                "ix": 7
              },
              "sk": {
                "a": 0,
                "k": 0,
                "ix": 4
              },
              "sa": {
                "a": 0,
                "k": 0,
                "ix": 5
              },
              "nm": "Transform"
            }
          ],
          "nm": "back-bag",
          "np": 3,
          "cix": 2,
          "bm": 0,
          "ix": 2,
          "mn": "ADBE Vector Group",
          "hd": false
        }
      ],
      "ip": 0,
      "op": 241,
      "st": 0,
      "bm": 0
    }
  ],
  "markers": []
}